北京,,2017-05-11,烤鸭,干酪鱼,杏仁豆腐,小豆凉糕,豌杂面,牛肉松小贝,酥炸大虾,鲍鱼,梨汤脱骨鸡,小煎猪肝
北京,北京,2017-05-11,烤鸭,干酪鱼,杏仁豆腐,小豆凉糕,豌杂面,牛肉松小贝,酥炸大虾,鲍鱼,梨汤脱骨鸡,小煎猪肝
天津,,2017-05-11,奶香手撕饼,三文鱼刺身,烤鸭,桂花糖芋苗,金丝小枣煨肘子,蜜汁梅肉,牛肉松小贝,柠檬鸡,糖醋里脊,绿茶饼
天津,天津,2017-05-11,奶香手撕饼,三文鱼刺身,烤鸭,桂花糖芋苗,金丝小枣煨肘子,蜜汁梅肉,牛肉松小贝,柠檬鸡,糖醋里脊,绿茶饼
河北,,2017-05-11,辣炒花蛤,皮皮虾,神仙鸡,烤鸭,三文鱼刺身,烤羊腿,潮汕火锅,麻辣小龙虾,羊肉串,香辣蟹
河北,石家庄,2017-05-11,潮汕火锅,神仙鸡,三文鱼刺身,麻辣小龙虾,捞派滑牛肉,烤鸭,墨鱼饺子,湄公鱼,蛋挞,毛血旺
河北,唐山,2017-05-11,榴莲披萨,神仙鸡,烤面包,烤肉,南烧冬笋,蔬菜沙拉,烤鸡爪,石锅嘎鱼,毛血旺,烤鸭整套
河北,秦皇岛,2017-05-11,辣炒花蛤,皮皮虾,辣炒蛏子,香辣蟹,斑鱼片,水饺,海鲜粥,牛排,螃蟹,鲅鱼饺子
河北,邯郸,2017-05-11,烤鸭,牛肉,香辣蟹,骨渣丸子,三文鱼刺身,麻辣小龙虾,培根烤肉,五花肉,比特堡肥牛,牛排
河北,邢台,2017-05-11,火焰虾,酸菜龙利鱼锅,蜜糖黑椒鸡翅,小锅土豆,一条带鱼,葫芦飘香鸡,川味香肠,飘香龙利鱼,五花肉,蓝莓土豆泥
河北,保定,2017-05-11,馅饼,三杯鸡,铁板龙利鱼,咖喱皇炒梭子蟹,骨渣丸子,南瓜粥,手扒羊肉,虾饺皇,烤鸭,冬荫功汤
河北,张家口,2017-05-11,烤羊腿,烤全羊,羊肉串,川味火锅,烤奶皮,烩南北,调味牛排,糖酥饼,皇家肘子,牛肉炒饭
河北,承德,2017-05-11,肉饼,羊汤,烤羊腿,煎碗坨,草莓薄底披萨,羊肉串,莜面窝子,印象小炒,萨其马,香酥羊排
河北,沧州,2017-05-11,调味牛排,海杂鱼泡饼,大锅炖鱼,辣牛肉,烤全牛,神仙鸡,石锅拌饭,保定锅包肘子,骨渣丸子,炸虾
河北,廊坊,2017-05-11,烤鸭,牛肉饼,三文鱼刺身,羊肉串,豆腐汤,牛排,纯酸奶馒头,驴肉香河肉饼,肉蟹煲,蜜汁梅肉
河北,衡水,2017-05-11,铁锅炖鱼,贴饼子,菜团子,拌野菜,红烧嘎鱼,小白菜炒粉条,炖大鹅,花卷,炸虾,虾锅
山西,,2017-05-11,过油肉,糖醋丸子,香醋鸡蛋,干煸栲栳栳,酱香芝士猪蹄,平遥牛肉,土豆拌莜面,刀削面,刺身拼盘,岩烤猪蹄
山西,太原,2017-05-11,糖醋丸子,过油肉,酱香芝士猪蹄,刺身拼盘,岩烤猪蹄,葱香豉皇雪花鱼,三文鱼刺身,虾饺皇,土豆拌莜面,鳗鱼饭
山西,大同,2017-05-11,酸汤羊肉,浑源凉粉,土豆拌莜面,黑糖馒头,地皮菜饼,百花盛开烧麦,黑椒牛肉,烤羊腿,羊肉串,有机菜花
山西,阳泉,2017-05-11,蒜蓉粉丝扇贝,五花肉,铁板菲力牛排
山西,长治,2017-05-11,方便面炒鸡柳,蒜拴驴,炒凉粉,十全十美铜火锅,烤羊腿,生态鱼火锅,千页豆腐,驴汤,烤鱼,高大上驴排
山西,晋城,2017-05-11,清蒸龙利鱼,烤梨,鸡丝冷面,烤猪蹄子,农家小炒肉,土豆黑椒煎牛排,毛家红烧肉,红酒煎鸡排,烤猪蹄,面蒸槐花
山西,朔州,2017-05-11,凉粉,鱼头面,黑鱼鱼头,每个菜都可以,排骨焖面
山西,晋中,2017-05-11,过油肉,香醋鸡蛋,干煸栲栳栳,平遥牛肉,牛肉栲栳栳,陈醋茄子,刀削面,老醋牛肉,油茶,陈醋焖牛肉
山西,运城,2017-05-11,红焖鲤鱼,酸辣白菜,涮锅,川味火锅,西兰花,小米烩野菜丸子,鸡翅,烤肉,铁板凉粉炒馍,牛肉
山西,忻州,2017-05-11,辣子鸡,刀削面,土豆炒栳栳,台蘑汤,豆腐丸子,野菜饺子,酸辣土豆丝,家常豆腐,葱烧台蘑,烤鱼
山西,临汾,2017-05-11,台湾三杯鸡,台湾菠萝油条虾,台湾塔香茄子,鱼头豆腐汤,牛排,毛血旺,手工馒头,台北卤肉,农家炖土鸡,仔排煲
山西,吕梁,2017-05-11,披萨,黑椒牛排,烤肉,西冷牛排,红酒焗蜗牛,临县现磨豆腐,腕托
内蒙古,,2017-05-11,烤羊排,烤羊腿,奶酪饼,羊肉串,石头山烤肉,黄馍馍,俄式香肠,手把肉,手切羊肉块,羊杂汤
内蒙古,呼和浩特,2017-05-11,黄馍馍,石头山烤肉,羊肉串,烤生蚝,咖喱锅,手切肉,蟹子包,锅茶,手把肉,红糖奶酪饼
内蒙古,包头,2017-05-11,烤羊腿,凉糕,红汤梭边鱼,炸糕,麻辣牛肉,扒肉条,开河鱼,烤牛肉,焖面,过油肉
内蒙古,乌海,2017-05-10
内蒙古,赤峰,2017-05-11,高原红藏牛肉,酸奶饼,手把肉,手切羊腿肉,杀羊菜,烤羊排,黑豆腐,烤羊腿,手抓肉,沙葱羊肉
内蒙古,通辽,2017-05-11,馅饼,榴莲披萨,烤羊排,锅茶,臭鱼,沙葱炒鸡蛋,烤羊腿,石头包肉,红烧肉,炒米酸奶
内蒙古,鄂尔多斯,2017-05-11,烤羊排,甜奶酪馅饼,石头山烤肉,蒸菜,铁锅炖菜焖面,酿皮,干炸五花肉,骆驼肉馅饼,酸奶饼,公鸡炖鲍鱼
内蒙古,呼伦贝尔,2017-05-11,奶酪饼,俄式香肠,手扒肉,烤羊腿,排骨煎土豆,红菜汤,羊杂汤,俄罗斯大肉串,男孩沙拉,切片羊肉
内蒙古,兴安盟,2017-05-11,烤羊排,手切羊肉块,羊肉串,烤羊腿,手把肉,烤酸菜,馅饼,牛肉馅饼,气饼,沙葱炒鸡蛋
内蒙古,锡林郭勒,2017-05-11,太阳肉,拔丝奶豆腐,血肠,羊杂汤,沙葱羊肉,羊肉串,羊肉包子,鲜羊肉,驼肉馅饼,羊骨头
内蒙古,乌兰察布,2017-05-11,烤羊排,蒙古奶酪饼,锅茶,奶食拼盘,烤羊腿,贝子羊头,烤肉,焖牛排,土豆烂腌菜,血肠
内蒙古,巴彦淖尔,2017-05-11,蒙古羊蝎子,羊汤,蒙古血肠,蒙古羊拐筋,黄河小鱼,老汤脊骨,秘制猪蹄,排骨焖面,寿司,羊汤炖白菜
内蒙古,阿拉善,2017-05-11,羊蹄,羊杂汤,炒羊肚,羊棒骨,爆炒肚丝,小鱼儿,烤鱼！火爆凤爪,手扒羊肉,手抓羊肉,肝子
辽宁,,2017-05-11,锅包肉,蜜汁梅肉,烤牛舌,三文鱼刺身,麻辣小龙虾,猪颈肉,原汁海胆水饺,羊肉串,海胆刺身,麻婆豆腐
辽宁,沈阳,2017-05-11,麻辣小龙虾,锅包肉,香草厚多士,雪绵豆沙,抹茶厚多士,鲜虾炸云吞,面筋牛肉,牛油果面,芝士玉米,烤鱼
辽宁,大连,2017-05-11,蜜汁梅肉,烤牛舌,三文鱼刺身,原汁海胆水饺,羊肉串,海胆刺身,猪颈肉,麻婆豆腐,烤羊腿,松仁脆牛肉
辽宁,鞍山,2017-05-11,冷面,锅包肉,螃蟹,鸡翅,怪味烤鱼,家炖胖头鱼,烤肉,酱烤生蚝,自灌香肠,榴莲披萨
辽宁,抚顺,2017-05-11,披萨,烤肉,虾饺皇,秘制肉,酸菜鱼,土贡梅煎,秘制嫩牛肉,烧鹅,重庆小面,牛肉
辽宁,本溪,2017-05-11,羊汤,羊杂汤,羊肉串,扒羊脸,锅包肉,手撕饼,拌花菜,酸奶馕,西冷牛排,凉拌羊肚
辽宁,丹东,2017-05-11,黄蚬子,冷面,红烧明太鱼,东北大拉皮,烤鸭,水煮黄蚬子,酸菜炒粉,土豆丝,捞拌海螺,牛肉
辽宁,锦州,2017-05-11,烤鸡翅,羊肉串,大拉皮,排骨串,面包片,鸡爪,披萨,扇贝,老妈蹄花,秘制牛肉
辽宁,营口,2017-05-11,锅包肉,东北大拉皮,酱骨,辣炒蚬子,活烤生蚝,烤鲍鱼,碳烧生蚝,辣炒虾爬子,铁板鲈鱼,鸡焖粉
辽宁,阜新,2017-05-11,鸡翅煲,肉蟹煲,明虾煲,韩式烤肉,烤肉,香蕉薄饼,裙带菜哈利锅,玉米芝士,牛肉,蜜汁小排
辽宁,辽阳,2017-05-11,美新嫩牛肉,胶原肥牛,麻辣牛肉,干锅虾,锡纸焗龙利鱼,酱油炒饭,麻辣拌,板烧牛扒,火焰烧西餐肠,榛蘑土豆片
辽宁,盘锦,2017-05-11,猪颈肉,牛肋条,五花肉,小酥肉,酱汤,陈火锅鲜牛肉,春饼,烤鸭,秘制肥牛,牛仔骨
辽宁,铁岭,2017-05-11,美新嫩牛肉,巴沙鱼,鲜椒鸡,麻辣小面,乌梅汁,铁板煎血肠,酱牛肉,黄椒鱼头,手擀面,麻团
辽宁,朝阳,2017-05-11,拌菜,海鲜八爪鱼锅,炖肠,酸菜清江鱼鱼,榴莲披萨,雪花牛小排,荔枝,锅包肉,情人的眼泪,蛋挞
辽宁,葫芦岛,2017-05-11,螃蟹,扇贝,油焖大虾,酱爆八爪鱼,三鲜饺子,北大荒茄子,蒜蓉扇贝,大螃蟹,酱爆八爪,饺子
吉林,,2017-05-11,锅包肉,小鸡炖蘑菇,五花肉,芝士焗大虾,烤鸭,刺身拼盘,牛肋条,雪衣豆沙,米肠,虾饺皇
吉林,长春,2017-05-11,芝士焗大虾,刺身拼盘,牛肋条,雪衣豆沙,烤鸭,虾饺皇,传统锅包肉,蒜蓉烤生蚝,蓝莓山药,蒜蓉生蚝
吉林,吉林,2017-05-11,锅包肉,烤全肘,小排皇,烤鸭,牛排,印度辣鸡翅,鲜果奶酪沙拉,男女排骨双人锅,墨西哥塔口斯,牛肉
吉林,四平,2017-05-11,意大利面,打糕,辣白菜炒饭,香辣烤鱼,空心菜,炸酱面,锅包肉,碳缸羊排,牛排,明太鱼
吉林,辽源,2017-05-11,鸡爪米糕铲,火辣八爪鱼,芝士玉米
吉林,通化,2017-05-11,孜然心管,干辣椒炒肉,烤肉,炸打糕,肋条,牛舌,铁板茄子,辣明太鱼,牛肉炒米条,溜肉段
吉林,白山,2017-05-11,小鸡炖蘑菇,五花肉,锅包肉,烤酸菜,冷水三道鳞,拔丝地瓜,冷面,煎鸡蛋,羊肉串,东北饺子
吉林,松原,2017-05-11,咱家豆腐,炖湖鱼,锅包肉,焖烤护心肢,鱼宴农家宴,棒骨,小桶海鲜,三文鱼刺身,大饼子,猪蹄
吉林,白城,2017-05-11,烤羊排,鸡翅,啤酒羊肉卷,脊骨汤,鲜奶面包,牛肋排,黑椒牛肉,蚕蛹
吉林,延边,2017-05-11,五花肉,石锅拌饭,红烧明太鱼,锅包肉,打糕,辣白菜五花肉,农家一锅出,牛大块肉,牛排火锅,野生江鲤鱼
黑龙江,,2017-05-11,锅包肉,炒肉拉皮,奶香手撕饼,德国猪肘,黑椒牛排,炸鸡,奶酪玉米,水煮鱼,银鳕鱼西京烧,三文鱼刺身
黑龙江,哈尔滨,2017-05-11,锅包肉,炒肉拉皮,奶香手撕饼,德国猪肘,炸鸡,银鳕鱼西京烧,地三鲜,鱼豆花,三文鱼刺身,胡椒猪肚鸡
黑龙江,齐齐哈尔,2017-05-11,蛋塔,烤鸡翅,冷面,大片肉,大片烤肉,馄炖,铁锅炖鱼,花卷,酸菜,黑胡椒牛排
黑龙江,鸡西,2017-05-11,牛肉,鸡翅,牛肉锅,虾仁水饺,炸鸡腿,南韩鱼,海鲜锅,西冷牛排,泡菜,大酱汤
黑龙江,鹤岗,2017-05-11,香辣鸡腿堡,牛肉面,肚丝,猪手,湘辣鱼,大馒头,大碗菜
黑龙江,双鸭山,2017-05-11,拌面,口水鸡
黑龙江,大庆,2017-05-11,黑椒牛排,奶酪玉米,水煮鱼,松板,烤鸡翅,鸡翅,牛肉饭,牛油果寿司,糖醋肉,盐烤大虾
黑龙江,伊春,2017-05-11,海带丝,香麻牛干,河杂鱼锅,锅包肉,红烧野猪排,牛肚锅,铁锹鳕鱼,熏肘子,鳕鱼,铁板鹿肉
黑龙江,佳木斯,2017-05-11,拌面,风味牛肉干,大螃蟹,锅烙,打糕,烤肠,芥末焗虾,香煎法式鹅肝,石锅拌饭,涮肚
黑龙江,七台河,2017-05-11,咖喱鸡饭,摩洛哥比萨
黑龙江,牡丹江,2017-05-11,煎饼果子,麻辣鸭头,蜜汁排骨,虾饺皇,拌桔梗,芝士玉米,担担面,牛排,三文鱼刺身,生拌牛肉
黑龙江,黑河,2017-05-11,羊肉串,俄式煎肉,鱼籽豆腐,铁锅杂鱼,烤韭菜,炖鲤鱼,干锅鸭头,鱼头炖豆腐,杂粮包,猪肋排
黑龙江,绥化,2017-05-11,牛肉面
黑龙江,大兴安岭,2017-05-11,小鸡炖蘑菇,锅包肉,羊肉串,溜肉段,奶香手撕饼,鲶鱼豆腐,大鹅炖土豆,大妈扒茄子,吊炉饼,酱排骨
上海,,2017-05-11,川味火锅,鹅肝,鸡爪,桂花糖芋苗,宫爆虾球,流沙奶黄包,甜虾刺身,泡椒鸡,烤鸭,盐水鸭
上海,上海,2017-05-11,川味火锅,鹅肝,鸡爪,桂花糖芋苗,宫爆虾球,流沙奶黄包,甜虾刺身,泡椒鸡,烤鸭,盐水鸭
江苏,,2017-05-11,三文鱼刺身,虾饺皇,牛眼粒,吮指鸡爪,扬州炒饭,烤牛舌,烤鸭,麻辣脑花,板栗烧鸡,牛排
江苏,南京,2017-05-11,三文鱼刺身,牛眼粒,吮指鸡爪,烤牛舌,麻辣脑花,鸡丝凉面,咖喱锅,东坡肉,烤鸭,麻辣鸭血
江苏,苏州,2017-05-11,虾饺皇,葱油拌面,松露牛肉汤,三文鱼刺身,岩烧雪花牛小排,鹅肝寿司,烤鸭,松鼠桂鱼,响油鳝糊,冬阴功海鲜汤
江苏,常熟,2017-05-11,虾饺皇,牛排,肉蟹煲,三文鱼刺身,酥皮叉烧包,铁板菲力牛排,酸汤肥牛,爊鸡,厚切牛舌,牛油菠萝包
江苏,昆山,2017-05-11,万三蹄,白丝鱼,周庄小炒,河蚌豆腐煲,麻省龙利鱼,银鱼炒蛋,羊肉串,清炒马兰头,鲃鱼,烤羊排
江苏,张家港,2017-05-11,黑椒肥牛石锅饭,柠檬鸡,煲仔饭,秘制烤肉,厚切牛舌,番茄鱼,三文鱼刺身,石锅蝴蝶虾,红豆豆皮奶,川味火锅
江苏,扬州,2017-05-11,扬州炒饭,狮子头,蟹黄汤包,大煮干丝,三丁包,三文鱼刺身,盐水鹅,文思豆腐,小狮子楼狮子头,蒸饺
江苏,无锡,2017-05-11,虾饺皇,咖喱牛腩,榴莲酥,蛋黄焗锅巴,冰火菠萝油,三文鱼刺身,酸汤肥牛,雪花排条,猪颈肉,鹅肝
江苏,江阴,2017-05-11,老汤鸡爪,手撕鸡,铁板蒜蓉焗虾,椒麻鸡,石锅拌饭,鱼虾跳,三文鱼刺身,海鲜饼,煲仔飯,红枣福糕
江苏,徐州,2017-05-11,地锅鸡,牛排,地锅牛蛙鸡翅,蒜爆鱼,大酱汤,铁板海鲜乌冬面,奶酪香蕉,樱花虾糯米卷,羊肉串,南瓜粥
江苏,常州,2017-05-11,胡椒猪肚鸡,榴莲泡芙,牛排,马来咖喱牛腩,浆爆虾丸,潮汕火锅,酸汤鱼片,煲仔饭,青柠脆皮鸡,厚切牛舌
江苏,南通,2017-05-11,三文鱼刺身,煲仔饭,湄公鱼,豆豉烤鱼,酱香烤鱼,烤肉,刺身拼盘,甜虾刺身,骰子牛肉,美极虾
江苏,连云港,2017-05-11,南瓜粥,芝士年糕,宫廷烤肉,鸡翅,凉拌八爪鱼,梭子蟹,炒花蛤,烤三拼,鸡腿肉拌饭,清蒸石斑鱼
江苏,淮安,2017-05-11,牛排,十三香小龙虾,羊肉串,龙虾刺身,蒜香龙虾,小鱼锅贴,湄公鱼,烤芝心年糕,秘制梅花肉,烤鸭
江苏,盐城,2017-05-11,牛排,三文鱼刺身,榴莲酥,菠萝海鲜炒饭,碳烤拼盘,五花肉,酥不烂烤肉,猪颈肉,酸菜鱼,柠檬脆皮鸡
江苏,镇江,2017-05-11,钵钵鸡,河豚,刺身拼盘,羊肉串,牛油菠萝包,金丝排骨,三文鱼刺身,馋嘴牛蛙,冰水鹅肠,炸鸡
江苏,泰州,2017-05-11,三文鱼刺身,菇鸡菇鸡,钵钵鸡,海鲜菠萝饭,鸡翅,茶香鸡,美国肥牛,烤包子,芝士年糕,巨蛋燒
江苏,宿迁,2017-05-11,牛排,鸡翅,橙汁,烤鱿鱼,酸汤肥牛,麻香鸭头,仔排煲,蒜蓉粉丝虾,甜馕,烤翅中
浙江,,2017-05-11,荷香鸡,白水鱼,大明虾,冬阴功海鲜汤,酱鸭,虾饺皇,糖醋排骨,酱爆螺丝,土鸡煲,响油鳝糊
浙江,杭州,2017-05-11,大明虾,冬阴功海鲜汤,成都串串香,虾菇,龙井虾仁,咖喱牛腱,油爆虾,鹅肝手握,烤牛舌,冒脑花
浙江,宁波,2017-05-11,虾饺皇,榴莲泡芙,黄咖喱牛腩,三文鱼刺身,厚切牛舌,芒果糯米饭,冬阴功海鲜汤,潮汕火锅,榴莲汤圆,石锅豆腐
浙江,温州,2017-05-11,鹅肝寿司,胡椒猪肚鸡,咖喱蟹,豉油鸡,鳗鱼饭,牛小排,虾饺皇,番茄鱼,甜虾刺身,照烧鸡
浙江,嘉兴,2017-05-11,荷香鸡,白水鱼,酱鸭,酱爆螺丝,响油鳝糊,小米糕,梅干菜烧肉,古镇酱鸭,馄饨老鸭煲,糖醋排骨
浙江,湖州,2017-05-11,土鸡煲,绣花锦,太湖白鱼,红烧肉,土鸡汤,糖醋排骨,酸菜鱼,茶香鸡,石耳土鸡蛋,马来咖喱牛肉
浙江,绍兴,2017-05-11,芝心虾球,绍三鲜,煲仔饭,红糖磨糍,糖醋里脊,臭豆腐,酸辣土豆丝,烤肉,豆腐小笼,马蹄竹蔗水
浙江,金华,2017-05-11,肉蟹煲,黄椒鱼头,烤肉,烤羊排,炸鸡,卤鸭,口水鸡,牛排,鹅肝,榴莲披萨
浙江,衢州,2017-05-11,芝士条,灶台鱼,麻辣牛肉,蛋炒饭,刺身拼盘,烤鳕鱼,焗蟹宝,口水鸡,三文鱼刺身,甜虾刺身
浙江,舟山,2017-05-11,梭子蟹,葱油梭子蟹,盐烤海鲜拼,铁板海瓜子,葱油蟹,海瓜子,瑶柱炒粉丝,毛蚶,铁板奉芋,葱油蛏子
浙江,台州,2017-05-11,小饿魔,袁先生,虾饺皇,黄焖土鸡,龙井茶香虾,炙烤虎虾,脆皮黄金卷,花之恋,小鲍邂逅鲤鱼,潮汕火锅
浙江,丽水,2017-05-11,幸福大鱼头,烤羊排,片皮鸭,小灶秘制豆腐,烤鸭,番茄鱼,手撕鸡,葱烤鲫鱼,手撕包菜,大盘鸡
安徽,,2017-05-11,臭鳜鱼,跳水鱼,笋尖烧肉,铁板毛豆腐,石耳炒蛋,羊肉串,重庆豆花鱼,九华石鱼,新疆羊肉串,土鸡汤
安徽,合肥,2017-05-11,羊肉串,重庆豆花鱼,新疆羊肉串,秘制牛肉,火焰玻璃片,葱烧豆腐,烤羊排,三文鱼薄切,铜锣烧,潮汕火锅
安徽,芜湖,2017-05-11,混椒鸡,三文鱼刺身,虾饺皇,酸菜鱼,马蹄竹蔗水,野生虫草花,大盘鸡,烤羊排,肠粉,烤肉
安徽,蚌埠,2017-05-11,桂花藕,铁锅葱烧虾,油淋茄子,羊肉串,川味火锅,五花肉,培根,大盘鸡,胖鱼头,相间肥牛
安徽,淮南,2017-05-11,五花肉,铁板土豆,菠萝海鲜炒饭,培根,板烧大虾,带皮五花肉,铁板蒜蓉虾,蓝莓山药,蜜汁叉烧,芝士玉米
安徽,马鞍山,2017-05-11,神仙鸡,烤鱼,虾饺皇,船家烧鱼头,烤五花肉,脆皮肠粉,钵钵鸡,三文鱼刺身,鸡翅,烤鸭卷
安徽,淮北,2017-05-11,炸鸡,蛋挞,川味火锅,培根,虾饺皇,海鲜面疙瘩,菠萝咕咾肉,百叶,果醋,清江鱼
安徽,铜陵,2017-05-11,羊汤,烤肠,黑椒多汁牛排,西冷牛排,臭鳜鱼,牛肉汤,椰汁西米,牛排捞面,石板蒜蓉虾,羊肉串
安徽,安庆,2017-05-11,肥西老母鸡汤,梅菜扣肉,农家蒸蛋,竹笋蒸鸡翅,牛排,黑椒牛肉,烤鱼,酸菜鱼,椒盐猪手,龙虾盖浇饭
安徽,黄山,2017-05-11,臭鳜鱼,跳水鱼,笋尖烧肉,铁板毛豆腐,土鸡汤,石耳炖土鸡,酱排骨,老母鸡汤,石耳炒蛋,笋干烧肉
安徽,滁州,2017-05-11,花甲,川味火锅,烤五花肉,披萨,椒盐小土豆,鱼咬羊,黑椒牛肉,神仙鸡,铁板鱿鱼,鸡翅
安徽,阜阳,2017-05-11,蔬果沙拉,肉蟹煲,酸菜鱼,杏香海皇卷,雪花牛排,鸡中翅,拔丝红薯,大盘鸡,干锅土豆片,韩式烤肉比萨
安徽,宿州,2017-05-11,石锅拌饭,烤猪蹄,培根,烤鱿鱼,烤肉,红豆双皮奶,铁板虾,锅蒸饼,山城辣子鸡
安徽,六安,2017-05-11,扣肉,鸡汤,吊锅土鸡,葱油鸡,天堂贡鱼,獐子肉吊锅,栗子粉,笋干红烧肉,鸡中翅,艾蒿饼
安徽,亳州,2017-05-11,吮指凤爪,石锅烧汁豆腐,牛肉馍,孜然菠菜,牛肉,麻辣烫,黑椒牛排,话梅排骨,披萨,沸腾鱼
安徽,池州,2017-05-11,臭鳜鱼,九华石鱼,石耳炒蛋,石耳土鸡蛋,石耳炒鸡蛋,素排骨,九华三鲜,野芹干丝,石耳老鸡汤,徽州臭鳜鱼
安徽,宣城,2017-05-11,臭鳜鱼,手枪腿,杂鱼锅仔,铁板蒜蓉虾,椒盐锅巴虾,黄牛肉锅,铁板三臭,小河鱼,三鲜锅巴,老母鸡汤
福建,,2017-05-11,潮汕火锅,姜母鸭,糖醋里脊,香酥芋泥鸭,黄鱼煮面线,三文鱼刺身,椒盐虾菇,奇味虾,鱿鱼酱油水,鸡汤捞面线
福建,晋江,2017-05-11,三文鱼刺身,牛排,烤生蚝,帝王蟹,煎鹅肝,挪威三文鱼,海鲜姿造,川味火锅,石锅牛肉,北极贝刺身
福建,福州,2017-05-11,三文鱼刺身,刺身拼盘,牡丹虾,佛跳墙,荔枝肉,海胆刺身,甜虾刺身,烤鳗鱼,椒盐虾菇,鸡翅饺子
福建,厦门,2017-05-11,姜母鸭,糖醋里脊,香酥芋泥鸭,黄鱼煮面线,潮汕火锅,奇味虾,鱿鱼酱油水,炒花蛤,椒盐虾菇,鸡汤捞面线
福建,莆田,2017-05-11,炭烤牛小排,蛋黄酱焗虾,厚烧牛舌,铁板鹅肝,酸汤鱼,概念烤虾,甜虾刺身,荔枝肉,迷踪虾,黄金珍奶
福建,三明,2017-05-11,牛肉汤,金包银,拌面,扁肉,有机鱼,咸水鸭,烧麦,农家豆腐,煎饺,粿条
福建,泉州,2017-05-11,潮汕火锅,香煎山地鸡,九香牛肉,卤水豆腐,萝卜饭,牛排,炸醋肉,鸡汤捞面线,干炒牛河,芝士土豆泥
福建,漳州,2017-05-11,椒盐河虾,培根,虾饺皇,清蒸野生光鱼,蒸凤爪,观音菜,榴莲酥,羊肉串,奶香手撕饼,虾…
福建,南平,2017-05-11,牛肉,剁椒鱼头,泡椒田鸡
福建,龙岩,2017-05-11,牛肉水饺,腱子肉,雪花脖兰,酱大骨,虎皮凤爪,牛肉饼汤,私房酸菜鲈鱼,椒盐玉米,小龙虾,榴莲披萨
福建,宁德,2017-05-11,香锅牛蛙,番茄黑鱼煲,干锅包菜,印度飞饼,私房酸汤鱼,鱼香茄子,洋烧龙骨,美式火焰牛排,烤生蚝,窝蛋牛肉
江西,,2017-05-11,油浸鱼,五花肉,川味火锅,三文鱼刺身,香辣凤爪,腊味吊锅饭,霸王辣蟹脚,重庆豆花烤鱼,牛排,虾饺皇
江西,南昌,2017-05-11,油浸鱼,五花肉,三文鱼刺身,香辣凤爪,腊味吊锅饭,霸王辣蟹脚,虾饺皇,槟榔鸭,糯香排骨,桂花红烧肉
江西,景德镇,2017-05-11,老景德拌冷粉,鱼头炖豆冲,小抄黄牛肉,砂锅美味黄花鱼,辣卤蟹钳,肉焖面,农忙水蒸蛋,鸭五件,啤酒鸭,石锅年糕牛仔骨
江西,萍乡,2017-05-11,全麦土司,萍乡小炒肉,跳跳鱼,莲花血鸭,干锅牛蛙,蚂蚁上树,烤翅,童子鸡,五花肉,猪蹄
江西,九江,2017-05-11,菜油辣香鸡,笋衣烧肉,鸡爪,红烧肉,川味火锅,羊肉串,黄豆皖鱼,红烧龙虾,八戒烤鱼,牛排
江西,新余,2017-05-11,泡芙,蛋挞,糖醋排骨,西冷牛排,手撕麵包,小炒牛肉,一锅鲜,平锅小黄鱼,无骨凤爪,铁板菲力牛排
江西,鹰潭,2017-05-11,芦溪鱼,上清豆腐,野菇炒鸡蛋,小龙虾,板栗烧土鸡,香闷鸡,红烧鱼块,观音菜,爆炒河虾,黑木耳炒鸡蛋
江西,赣州,2017-05-11,重庆豆花烤鱼,川味火锅,烤鱼,扯面,牛肉,扇贝,糖醋排骨,红糖银耳汤,牛肚,花蛤粉
江西,吉安,2017-05-11,干蒸土鸡,井冈豆皮炒蛋,蜜汁全鱼,南瓜花炒土鸡蛋,井冈豆皮,石蛙,家乡豆腐,冬笋板鸭,小炒麂子肉,干锅羊肉
江西,宜春,2017-05-11,闻香鱼,石锅鱼,酸菜汤圆,茶油肚包鸡,云姑土鸡,烤鸡,硒泉石锅鱼,铁板牛仔骨,炸油条,榴莲酥
江西,抚州,2017-05-11,蟹黄干捞粉丝,手抓龙虾,烤生蚝,牛排,铁板基围虾,童子鸡,龙虾刺身,山药年糕,肉蟹煲,茶香手撕鸭
江西,上饶,2017-05-11,口水鱼,红烧土鸡,糊豆腐,粽叶蒸猪蹄,红烧小河鱼,蒜香鱼,油浸鱼,土鸡煲,秘制猪脚,竹笋腊肉
山东,,2017-05-11,三文鱼刺身,糖醋鲤鱼,羊肉串,墨鱼水饺,蜜汁排骨串,油泼扇贝,蒜蓉粉丝虾,美极焗铁棍山药,肉松焗蟹味菇,鲅鱼饺子
山东,青岛,2017-05-11,三文鱼刺身,墨鱼水饺,蜜汁排骨串,油泼扇贝,蒜蓉粉丝虾,美极焗铁棍山药,肉松焗蟹味菇,麻婆豆腐,鲅鱼饺子,牛排
山东,济南,2017-05-11,羊肉串,荷香糯米排骨,培根土豆皮,麻辣小龙虾,碳烤生蚝,烤羊排,芥末章鱼,香辣蟹,糖醋鲤鱼,石锅拌饭
山东,淄博,2017-05-11,糖醋鲤鱼,三文鱼刺身,九转大肠,玉米焖排骨,京味爆肚,虾饺皇,卤肉烧饼,蜜汁梅肉,黄花鱼水饺,京酱肉丝
山东,枣庄,2017-05-11,辣子鸡,培根,菜煎饼,运河鲤鱼,鸭蛋粉皮,瓦罐凤爪,运河青虾,红烧肉,酱骨,香辣鲤鱼
山东,东营,2017-05-11,砂锅焗鱼头,飘香南瓜,沂蒙炒鸡,风干鸡,九转大肠,手撕鲈鱼,小火煨牛肉,鱼头泡饼,黄河口蛤肉汤,爆炒腰花
山东,烟台,2017-05-11,鲅鱼水饺,香米炒蟹,寿司,海鲜疙瘩汤,京酱肉丝,三鲜焖子,鱼锅饼子,香辣蟹,三文鱼刺身,土豆丝
山东,潍坊,2017-05-11,蜜汁梅肉,糖醋里脊,烤羊排,味德牛排,烤鸭,松鼠鱼,鸡丝凉面,烤鸡翅,糖醋鲤鱼,铁板牛柳
山东,济宁,2017-05-11,烤肉,奥尔良烤翅,烧饼,菠萝油条虾,榴莲酥,锡纸鲈鱼,羊肉串,肉蟹煲,虾饺皇,煎饼
山东,泰安,2017-05-11,醉排骨,羊肉串,蓝莓山药,糖醋鲤鱼,煎饼卷大葱,小份肉蟹煲,酱骨头,清江鱼,九转大肠,大盘鸡
山东,威海,2017-05-11,三文鱼刺身,五花肉,铁板牛排,扇贝,烤五花肉,滋味凉皮,蛋炒饭,蒜容生蚝,鸡爪米糕铲,海鲜疙瘩汤
山东,日照,2017-05-11,香辣鲈鱼,干煸鱿鱼,鲅鱼水饺,皮皮虾,清蒸鸦片鱼,虾仁水饺,辣炒花蛤,烧茄子,鲅鱼饺子,土豆丝
山东,莱芜,2017-05-11,糖醋酸梅小排,爆炒腰花,老济南拌菜,老济南油旋,老济南甜沫,城南酸汤肥牛,京味爆肚,砂锅生闷鲽鱼头,爆煎鱼,麻辣糖醋鲤鱼
山东,临沂,2017-05-11,虾饺皇,酥皮大虾,大拌菜,腊味煲仔饭,大盘鸡,麻辣牛肉,榴莲酥,歌乐山辣子鸡,九转大肠,毛血旺
山东,德州,2017-05-11,榴莲披萨,醉蟹钳,榴莲酥,碳烤烧鸭,烧鹅,蒜蓉蒸开边虾,黑椒猪扒,蓝莓山药,明虾煲,酸汤龙利鱼
山东,聊城,2017-05-11,糖醋鲤鱼,爆炒腰花,糖醋酸梅小排,炸油条,虾饺皇,油旋,八宝干烧鲤鱼,烤羊排,干烧鲳鱼,泰式喷柠鸡
山东,滨州,2017-05-11,培根,面包咖喱鸡,烤猪蹄,炒鱼,法式焗鱼子蛋,农家炒鸡,芝香贝柱焗饭,西冷牛排,果木烟熏烤鱿鱼,焦糖玛奇朵
山东,菏泽,2017-05-11,现炸龙利鱼块,红酒鸡肉野菌饭,榴莲披萨,蓝莓山药,羊蹄,提拉米苏,酱板鸭,干锅土豆片,榴莲酥,培根肉
河南,,2017-05-11,虾饺皇,法式松子悬牛柳,菠萝海鲜炒饭,培根,蔬菜沙拉,毛血旺,红菜汤,鸡肉串,俄式拌香鸡,奶油蘑菇汤
河南,郑州,2017-05-11,虾饺皇,法式松子悬牛柳,菠萝海鲜炒饭,蔬菜沙拉,毛血旺,红菜汤,鸡肉串,俄式拌香鸡,奶油蘑菇汤,罐牛
河南,开封,2017-05-11,炒凉粉,黄焖鱼,爆肚,寿司,开封灌汤包,馄饨,鸡柳,鲤鱼焙面,香芋丸,扇贝
河南,洛阳,2017-05-11,蒜蓉粉丝虾,红烧肉,混椒鸡,芝士焗虾,牡丹燕菜,连汤肉片,麻辣豆腐,酱烧笔管鱼,松鼠鱼,培根
河南,平顶山,2017-05-11,培根,鸡块,海鲜豆腐汤,花瓣肉,冒脑花 付氏冰,冒花甲,糖醋松鼠鱼,麻辣面,碗杂小面,微辣蟹肉煲
河南,安阳,2017-05-11,炸血糕,牛肉,三杯鸡,川粉,水煮鱼,烧鹅,粉浆饭,道口烧鸡,虾饺皇,素拼
河南,鹤壁,2017-05-11,糊涂面条,德澜麻酱,鲜切秘制羊肉,五花猪肉
河南,新乡,2017-05-11,培根,腊味煲仔饭,五花肉,融味香菇包,生煎包,芝士玉米,融味茄子,蒜香排骨,口水鸡,海鲜豆腐汤
河南,焦作,2017-05-11,培根,牛排,烤鱿鱼,牛肉,烤鸡翅,手撕肉,烤串,烤生蚝,羊肉串,奥尔良鸡排
河南,濮阳,2017-05-11,酸菜鱼,肉蟹煲,焗番薯,特味牛肉,金枪鱼手抓饭,干锅千页豆腐,芝士玉米,石板牛肉,深海虾,烤大虾
河南,许昌,2017-05-11,鱼肚,烩面,石锅拌饭,恒都肥牛,培根,狮子头,烙面皮,小油条,香煎鲈鱼,茶香鸡
河南,漯河,2017-05-11,烤肉,壽司,牛仔骨,鳗鱼饭,炭烧生蚝,鸡丝荞麦面,海鲜粥,铁板大虾
河南,三门峡,2017-05-11,烤肉,梅菜扣肉,孜然羊肉,焖牛肉,肉蟹煲,烧茄子
河南,南阳,2017-05-11,酸萝卜炖鸭,香辣猪蹄,酸菜鱼,牛排,糖醋里脊,干梅菜扣肉,川味火锅,铁板烧汁茄子,泡菜肥牛,麻辣牛肉
河南,商丘,2017-05-11,蟹煲,小龙虾,冰爽豆花,咖喱蟹,鲜烫鱼,火焰虾,提拉米苏,甜不辣,红烧肉,麻婆豆腐
河南,信阳,2017-05-11,闷罐肉,铁板烧,炸河虾,牛排,茶香鸡,焖罐肉,地皮菜炒鸡蛋,蒜蓉粉丝虾,野笋炒肉片,西湖牛肉羹
河南,周口,2017-05-10,肉蟹煲,蔬菜沙拉,茶香鸡,鸭胗,川味火锅,铁板烤虾,黄金鱼豆腐,美味海蜇,香锅鱿鱼
河南,驻马店,2017-05-11,川味火锅,川粉,小油条,黄糖糍粑,锡盟羔羊,黑豆腐,青柠乳酸菌,牛排,排骨汤,香竹荪
河南,济源,2017-05-11,酸菜鱼
湖北,,2017-05-11,凉面,虾饺皇,烤扇贝,桂花糖芋苗,川味火锅,蒸虾,麻辣虾球,蟹脚热干面,豚平烧,土豆沙拉
湖北,武汉,2017-05-11,凉面,虾饺皇,烤扇贝,桂花糖芋苗,川味火锅,蒸虾,麻辣虾球,蟹脚热干面,豚平烧,土豆沙拉
湖北,黄石,2017-05-11,三文鱼刺身,铁板豆腐,海鲜炒饭,蓝莓山药,土豆沙律,手撕鸡,蛋炒饭,大虾蟹籽炒饭,日式火锅,水煮酸菜牛肉
湖北,十堰,2017-05-11,武当剑河鱼,火烧馍,香菇烧土鸡,现炸小油条,烧鸡公,黑椒牛肉,步步高炒鸡蛋,香煎白鱼,泉水磨豆腐,酸菜鱼
湖北,宜昌,2017-05-11,炕土豆,春饼,鸭嘴鱼,紫苏味牛蛙,北海道冰草,牛肉饼,锅包肉,脆皮萝卜,铁板肥牛,鱼火锅
湖北,襄阳,2017-05-11,小幸福花甲王,重庆花椒鱼,油焖大闸蟹,黑椒牛排,平锅灯影牛肉,茶油禾花鱼,雪菜焖小黄鱼,台湾龙笋焖香肠,蒜香鲜鱿,米椒小肚丝
湖北,鄂州,2017-05-11,牛排,照烧饭,匈牙利牛肉焗饭,榴莲拼奥尔良,培根大虾,鸭脖,蔬菜沙拉,麻辣牛肉,法式红烩牛肉,西冷牛排
湖北,荆门,2017-05-11,宫廷牛小排,调味五花肉,薄饼披萨,黄鲴鱼,韩国烤肉,特味肥牛,蛋炒饭,猪肚
湖北,孝感,2017-05-11,扯面,铁板菲力牛排,三杯鸡中翅,大叉烧,烤鸡翅,焖黄骨鱼,海鲜炒饭,蘸酱黄瓜,爽口大拌菜,猪蹄
湖北,荆州,2017-05-11,铁板菲力牛排,蛋炒饭,锅贴,油焖大虾,剁椒鱼头,花甲,冰火菠萝油,披萨,海鲜嫩豆腐,辣的跳
湖北,黄冈,2017-05-11,烤肉,叉烧肉,鸡翅,培根,眉州香肠,酱肉,小叉烧,麻婆豆腐,整只鸭,生焗鱼头
湖北,咸宁,2017-05-11,龙骨野藕吊锅,地狱拉面,藕夹,牛排,榴莲披萨,皮蛋瘦肉粥,山海津汁味焖锅,芋圆,油焖大虾,五花肉
湖北,随州,2017-05-11,蛋炒饭,小馆半条鱼,弯骨莲藕汤,红烧鲫鱼,灶香鸭,焦香羊排,清炒洪湖藕带,鲜果批萨,春鸡,羊肉火锅
湖北,恩施州,2017-05-11,豆腐焖牛肉,烤鱼,干锅土鸡,土豆腊肉,香草凤尾虾,玉米饭,腊肉茶树菇,洋芋饭,合渣,柴火炖土鸡
湖北,仙桃,2017-05-11,西班牙海鲜面,岩烤牛排,黑椒牛排,蒜香鸡中翅,新奥尔良烤鸡翅,土豆沙拉,牛蛙煲仔饭,鸭脖,油焖小龙虾,重庆烤草鱼
湖北,潜江,2017-05-11,油焖大虾,蒸虾,豆饼,油巴子,多芒小丸子,豆包,多芒西米捞,水煮财鱼,蒜蓉小龙虾,黑胡椒牛肉
湖北,天门,2017-05-11,馋嘴牛蛙,石锅鱼,烤羊排,烤羊腰,烤全羊,泡蒸鳝鱼,茶香鸡,花甲,烤羊腿,脆皮手枪腿
湖北,神农架,2017-05-11,干煸土豆,腊猪蹄,冷水鱼,山野菜,野菜,腊排骨火锅,凉拌野菜,腊蹄子火锅,土鸡火锅,腊排骨
湖南,,2017-05-11,口味虾,岩耳炖土鸡,臭豆腐,猪油拌饭,川味火锅,石锅鱼,石磨豆腐,炒虾尾,野菜饼,酸汤岩骨鱼
湖南,株洲,2017-05-11,川味火锅,紫苏味牛蛙平锅,碳烤牛蛙,碳烤排骨,凉面,蜜汁烤肉,探鱼冰粉,担担面,可乐鸡翅,冰火菠萝油
湖南,湘潭,2017-05-11,红烧肉,干锅竹笋,黄焖土鸡,火焙鱼,酸萝卜炒鸡,擂辣椒皮蛋茄子,酸辣鸡杂,臭豆腐,提拉米苏,羊肉串
湖南,衡阳,2017-05-11,碳烤牛蛙,碳烤排骨,三文鱼刺身,木瓜炖雪蛤,鲍鱼,紫苏味的蛙,紫苏杨梅,牛肉,手撕鸡,香芋蒸排骨
湖南,邵阳,2017-05-11,心黑菜,跳跳蛙,肉丝木耳粉,牛肉串,手撕羊排,现烤手撕包,口味花甲,三鲜粉,猪肉米粉
湖南,岳阳,2017-05-11,三色蒸鮰头鱼,紫苏味牛蛙平锅,螺丝肉,韭菜小河虾,比萨,重庆凉面,老面馒头,老婆饼,川味火锅,新派虾尾
湖南,常德,2017-05-11,黄椒鱼头,红豆包,涮羊肉,骨肉相连面包,雪媚娘,鸡翅,全麦土司,跳跳蛙,蜂彩厚多士,花甲
湖南,张家界,2017-05-11,岩耳炖土鸡,石磨豆腐,野菜饼,酸汤岩骨鱼,小炒黄牛肉,虾酱捞粉丝,柴火鱼,扑藕尖鸡丁,农家小炒肉,剁椒鱼头
湖南,益阳,2017-05-11,船屋当家肉,酸菜黄鸭叫,牛排,水蜜桃多多
湖南,郴州,2017-05-11,紫苏牛蛙,牛排,掌中宝,烤羊排,烤排骨,川味火锅,火炙蟹棒,牛肉,酸菜鱼,猪脚
湖南,永州,2017-05-11,卤粉,手撕鸡,南洋鸡肉卷,手撕包菜,脆皮烧鸭,西冷牛排,样样红汤鱼,炭烤排骨,牛排,潮鸭比萨
湖南,怀化,2017-05-11,牛排,牛肉,披萨,泡椒牛蛙,扯面,小萝卜,麻辣酱汁牛肉锅,生煎牛肉,肥牛卷,雄鱼
湖南,娄底,2017-05-11,紫苏味牛蛙平锅,香辣味牛蛙泡锅,蛋挞,热辣面,牛排,桂花糖滋疤,烤鸭披萨,扎啤,食言猪猪宝,土豆丝
湖南,湘西,2017-05-11,石锅鱼,叫化鸡,野菜鸭脚板,酸菜鱼,爆烟肉,野菜香青菜,酸白菜炒汤圆,米豆腐,野鸡干锅,糯米甜酒蛋
湖南,长沙,2017-05-11,口味虾,臭豆腐,猪油拌饭,炒虾尾,川味火锅,鸭掌筋,厚切五花肉,五花肉,凉面,香颂玫瑰露
广东,,2017-05-11,潮汕火锅,红米肠,酸菜鱼,海胆炒饭,乳鸽,炸油条,西施豆腐,榴莲酥,蟹子沙拉,香芒夹心椰汁糕
广东,广州,2017-05-11,红米肠,酸菜鱼,炸油条,西施豆腐,蟹子沙拉,香芒夹心椰汁糕,百合酱凤爪,榴莲酥,乳鸽,熔岩慢煎菇扒
广东,深圳,2017-05-11,潮汕火锅,酸菜鱼,土豆沙拉,撒椒辣子鸡,乳鸽,茶香鸡,调味牛排,臭豆腐,墨鱼香肠,干炒牛河
广东,韶关,2017-05-11,三文鱼刺身,牛肉石锅饭,熟扇贝寿司,姜葱鸡,冷水猪肚,地狱拉面,客家让豆腐,牛仔骨,酸甜排骨,海草
广东,珠海,2017-05-11,潮汕火锅,腐皮,辣酒煮花螺,椒盐濑尿虾,重庆豆花烤鱼,榴莲酥,椰子鸡,干锅龙利鱼,姜葱炒蟹,手工烤包子
广东,汕头,2017-05-11,潮汕火锅,重庆豆花烤鱼,虾饺皇,黑豆腐,红糖滋粑,阿鲁酸菜鱼,酸菜鱼,牛舌,法式鹅肝寿司,嫩牛
广东,佛山,2017-05-11,桑拿蚝,马贝,谁动了我的豆腐,炸鸡,红烧乳鸽,烧鹅,中发白椰汁糕,鸡煲蟹,芝士三文鱼卷,炸云吞
广东,江门,2017-05-11,烧排骨,风味鲫鱼粥,烧鸡,客语豆腐,黄鳝饭,牛肋条,刺身拼盘,甜虾刺身,香辣味清江鱼,清鸡汤嫩桑叶
广东,湛江,2017-05-11,榴莲披萨,烧蟹肉寿司,酱香味清江鱼,火热蟹肉寿司,安格斯雪花牛扒,烧蟹柳寿司,烤羊排,生春卷,酸菜鱼,肉夹馍
广东,茂名,2017-05-11,木薯饼,泡芙,川味火锅,椰子鸡汤,葡挞,三文鱼刺身,芝士卷,包罗万有,火焰牛排,酿豆腐
广东,肇庆,2017-05-11,排骨,炸油条,陈醋凤爪,白灼河虾,酸汤鱼,芥末八爪鱼,娃娃鱼全宴,手撕包菜,乳鸽,牛仔骨
广东,惠州,2017-05-11,海胆炒饭,椒盐濑尿虾,牛排,蚝仔煎蛋,重庆豆花烤鱼,生蚝煎蛋,蒜蓉蒸生蚝,榴莲比萨,川味火锅,烤肉
广东,梅州,2017-05-11,厨神秘制叉烧,干炒牛河,蚝烙,蛋挞,椰子乌鸡汤,芒果布甸,客家豆腐,盐蒸农家鸡,新鲜草鱼,油脉菜
广东,汕尾,2017-05-11,寿司,蒜蓉粉丝扇贝,烤鱼,椒盐濑尿虾,牛肉,盐烧三文鱼骨,蚝仔煎蛋,叉燒炒飯,鳗鱼天妇罗卷,三文鱼大满足
广东,河源,2017-05-11,客家酿豆腐,盐焗鸡,鲫鱼汤,石螺鸡,酿豆腐,清蒸竹壳鱼,清蒸花雕鱼,闷花腩,枸杞叶猪杂汤,闷钳鱼
广东,阳江,2017-05-11,海胆炒饭,辣炒花甲,虾饺皇,榴莲披萨,白灼虾,蚝仔煎蛋,椒盐濑尿虾,寿司,清江鱼,凉拌海蜇
广东,清远,2017-05-11,照烧鳗鱼,凌波鱼,肉夹馍,日本黑蒜油拉面,椒盐濑尿虾,明星三色刺身,黑椒猪扒包,川味火锅,日式照烧鳗鱼饭,砂锅鸡
广东,东莞,2017-05-11,重庆豆花烤鱼,德国香肠拼盘,油焖大虾,榴莲披萨,潮汕火锅,蔬菜沙拉,炸鸡块,烤串,清江鱼,三文鱼刺身
广东,中山,2017-05-11,重庆豆花鱼,酸菜鱼,烤鸡,春卷,探鱼冰粉,养生黑豆腐,过水鲈鱼,姜葱生蚝,锅仔酱菜花,翡翠肥牛
广东,潮州,2017-05-11,潮汕火锅,牛杂粿条,虾生,牛肉粿条,虾饺皇,三宝水,酸菜牛肉炒饭,牛肉果条汤,牛杂米粉,凉粉
广东,揭阳,2017-05-11,虾饺皇,流沙猪仔包,椰子乌鸡汤,竹笙椰子鸡,金银蒜蒸排骨,厨神秘制叉烧,潮汕火锅,青口贝,香菇贡丸,碳烤鸡翅
广东,云浮,2017-05-11,原条三文鱼刺身,芝士炸虾卷,山坑鱼,芝心榴莲,泥焗鸡,活虾,农家菜,农家青菜,土鸡煲,清江鱼
广西,,2017-05-11,啤酒鱼,菠萝海鲜炒饭,榴莲酥,冬阴功海鲜汤,皮皮虾,黄椒鱼头,香煎鱿鱼,香辣蟹,川味火锅,啤酒毛骨鱼
广西,南宁,2017-05-11,川味火锅,豆花烤鱼,清江鱼,绫波豆花鱼,小刀鸭,桂林山水小刀鸭,冰粉,邕城老友鱼,菠萝油条虾,螺蛳鸭脚煲
广西,柳州,2017-05-11,紫苏牛蛙,川味火锅,香芒牛肉粒,烤鸡,干锅排骨虾,烤鸭,培根,五花肉,寿司,香茅烤鸡
广西,桂林,2017-05-11,啤酒鱼,菠萝海鲜炒饭,榴莲酥,冬阴功海鲜汤,啤酒毛骨鱼,艾叶粑粑,漓江虾,拔丝芋头,炸河虾,上汤时蔬
广西,梧州,2017-05-11,黄椒鱼头,纸包鸡,葱油鱼,鲜菇扒蹄筋,蛋角煲,鸡翅,焦盐鸡翅,古典鸡,椰汁糕,椒盐大肠
广西,北海,2017-05-11,皮皮虾,香煎鱿鱼,香辣蟹,椒盐弹虾,椒盐琵琶虾,蒜蓉粉丝扇贝,蒜蓉蒸沙虫,白灼虾,炒花蟹,烤生蚝
广西,防城港,2017-05-11,春卷,炒星粉,鸡粉,炒猪杂,牛腩粉,酱油鸡,炒青菜,咸鱼鸡粒炒饭,煲仔饭,烤肉拌饭
广西,钦州,2017-05-11,蜜汁鸡
广西,贵港,2017-05-11,煲鸡,芋头排骨,一鸡两味
广西,玉林,2017-05-11,黄椒鱼头,幸福饼,酸汤肥牛,面包新语,鸡肉卷,黄金鸡
广西,百色,2017-05-11,火焰鱼,酸菜鱼,白切猪手,口水鸡,茄子豆角,皮蛋豆腐,白切鹅,明虾煲,白切鸡,湖蟹煲
广西,贺州,2017-05-11,豆腐酿,黄焖鸡,豆豉焖骨鱼,白切鸡,瓜花酿,炒笋干,五味蹄筋,奇味鸡煲,酿三样,竹笋炒五花肉
广西,河池,2017-05-11,酸菜鱼,果木烤香猪,秘制糖醋排骨
广西,崇左,2017-05-11,清竹鱼,凤凰菜,蚂蚁蛋,炸归春河魚仔,野菜肉丝汤,茄蒌包肉,红烧茄子,清蒸竹青鱼,走地鸡,鸡汤清水面
广西,来宾,2017-05-10,桂林米粉
海南,,2017-05-11,皮皮虾,清蒸石斑鱼,蒜蓉粉丝扇贝,四角豆,香辣芒果螺,椰奶清补凉,白灼虾,大龙虾,椰子冻,菠萝海鲜炒饭
海南,海口,2017-05-11,酸菜鱼,台湾三杯鸡,斑鱼片,撒椒辣子鸡,川味火锅,冰粉,胡椒猪肚包鸡,石斑鱼,台湾麻油鸡,老坛子酸菜鱼
海南,三亚,2017-05-11,皮皮虾,清蒸石斑鱼,蒜蓉粉丝扇贝,香辣芒果螺,四角豆,椰奶清补凉,白灼虾,大龙虾,椰子冻,菠萝海鲜炒饭
海南,儋州,2017-05-11,米烂,盐焗鸡,富贵虾,沾水面
海南,白沙,2017-05-10
海南,保亭,2017-05-11,清蒸石头鱼,烤鸡,红烧五脚猪,雷公根什菌汤,牛肉,炒小黄牛肉,椰子饭,黎家秘制豆腐,椒盐虾,炒鸡
海南,昌江,2017-05-11,白切羊肉,炸猪蹄,芒果肠粉
海南,澄迈,2017-05-11,椰子鸡汤,梅菜扣肉,白莲鹅,文昌鸡,椒盐鸭下巴,墨鱼丸
海南,定安,2017-05-10,文昌鸡
海南,东方,2017-05-11,烤乳猪
海南,乐东,2017-05-11,炒鸡蛋,香煎鱼,咸水鴨,煎粮豆腐,蒸鱼,烧茄子,红烧羊肉,葱花炒鸡蛋
海南,临高,2017-05-11,鸡肉卷,炸鸡,鸡翅,可乐,蜜汁鸡,爆炒鱿鱼,烤乳猪
海南,陵水,2017-05-11,皮皮虾,蒜蓉四角豆,石斑鱼,四角豆,海鲜粥,铁板豆腐,白灼大海虾,大红蟹,辣子鸡,酸辣土豆丝
海南,琼海,2017-05-11,野菜豆腐,芒果肠粉,清补凉,野菜煎蛋,椰子饭,三文鱼刺身,白切温泉鹅,椰奶鸡屎藤,南洋柠檬鱼,腌粉
海南,屯昌,2017-05-11,薯饼,鸡肉卷
海南,万宁,2017-05-11,干煸香草鸭,四角豆,椒盐河虾,芒果螺,剑曹鱼,胡椒猪肚鸡,印尼炒饭,牛肉,清蒸野生劲宝鱼,炒革命菜
海南,文昌,2017-05-11,盐焗鸡,虾酱番薯叶,冬瓜海螺汤,虾酱芋头杆,茄子煲,咸鱼茄子堡,水芹炒粉丝,冬瓜海螺烫,抱罗粉,番薯叶
海南,五指山,2017-05-11,蒜苗炒五脚猪肉,炒土鸡,鹿舌菜,牛羊肉,炸小河鱼,捞菜鸡蛋,带皮牛肉炒土豆,烧茄子,劳叶炒蛋,土鸡汤
重庆,,2017-05-11,麻辣牛肉,毛血旺,川味火锅,贡菜丸子,辣子鸡,三文鱼刺身,老肉片,麻麻鱼,牛肝,现炸酥肉
重庆,重庆,2017-05-11,麻辣牛肉,毛血旺,川味火锅,贡菜丸子,辣子鸡,三文鱼刺身,老肉片,麻麻鱼,牛肝,现炸酥肉
四川,,2017-05-11,牛肉,虾饺皇,薄烧肥牛,冰粉,烤茄子,烤肉,香菜牛肉,脑花,烤扇贝,老妈蹄花
四川,成都,2017-05-11,虾饺皇,冰粉,烤肉,香菜牛肉,脑花,烤茄子,牛肉,烤扇贝,老妈蹄花,刺身拼盘
四川,自贡,2017-05-11,兔肚,萝卜汤,绍子脑花,川味火锅,蛋挞,牛肉包,兔腿,凉皮卷,泡芙,麻辣兔腿
四川,攀枝花,2017-05-11,大笮腊肉条,爬沙虫拼蜂蛹,牛肉,坨坨肉,岩烤小牛排,冒菜,蒜泥攀枝花,香芋酸奶,骨肉相连,野菜炒鸡杂
四川,泸州,2017-05-11,麻辣牛肉,混椒鸡,现切牛氏辈,铲铲排骨,潮汕火锅,大刀白肉,牛氏辈,蛋酥糍粑,胭脂鱼,石锅鱼
四川,德阳,2017-05-11,麻辣牛肉,烤鸭,秘制酥肉,五花肉,小黄鱼,烤五花肉,黑椒牛排,扇贝,韩式五花肉,三文鱼刺身
四川,绵阳,2017-05-11,牛排,牛肉,土豆沙拉,三文鱼刺身,蛋挞,花不丸,寿司,烤鳗鱼,鸡丝凉面,刺身拼盘
四川,广元,2017-05-11,薄烧肥牛,山椒木耳,烤秋刀鱼,秘汁烤玉米,麻辣牛肉,芝士年糕,角切乳牛肉,秋刀鱼,红薯片,奶酪香蕉
四川,遂宁,2017-05-11,香菇滑鸡煲仔饭,鲫鱼水饺,牛排,鸡丝凉面,特制牛排,嫩肩牛排,培根腌肉披萨,香辣牛肉披萨,肉蟹煲,奶油海鲜焗饭
四川,内江,2017-05-11,五花肉,麻辣牛排,蒜汁调味牛舌,奶酪香蕉,麻辣牛肉,东湖花生,羊肉包子,牛排,酸辣羊血,披萨
四川,乐山,2017-05-11,粉蒸牛肉,牛肉,毛血旺,钵钵鸡,跷脚牛肉,牛肉豆腐脑,蒸牛肉,粉蒸肥肠,红糖饼,西坝豆腐
四川,南充,2017-05-11,豆花牛肉,青花椒片片鱼,小炒黄牛肉,凉粉,碳火烤鱼,裸体黄瓜,酱土鸭,双椒木耳,农家块子肉,酱爆肥肠
四川,眉山,2017-05-11,鸡豆花,回锅肉,牛舌,干煸笋子,藤椒鸡,豆腐脑,干伴鸡,五花肉,银耳汤,梅花极品冰粉
四川,宜宾,2017-05-11,铲铲排骨,燃面,锅贴馍,竹荪蛋,大刀白肉,烤牛脑,凉糕,生椒牛肉面,竹海老腊肉,菜豆腐
四川,广安,2017-05-11,来凤鱼,牛排,华仔鸡
四川,达州,2017-05-11,罐儿饭,香辣烤鱼,香辣牛肉,炭烤生蚝,烤生蚝,麻婆豆腐,烤猪蹄,干煸肥肠,三文鱼刺身,老式酱猪蹄
四川,雅安,2017-05-11,宽面,农家拌豆腐,腰片,农妇酸汤鱼,砂锅雅鱼,江团,三角峰,土豆坛坛肉,黄牛肉,川椒腰花
四川,巴中,2017-05-11,秘制烤鱼,西域松板肉,帝王蟹,烤生蚝,法式烤羊蹄,牛排,泰式柠檬鱼
四川,资阳,2017-05-11,朝鲜大酱五花肉,麻香牛肉,麻辣牛排,鸡翅,韩式炸鸡,韩悦石锅拌饭,玉米饼,蘑菇拼盘,红糖冰粉,烤茄子
四川,阿坝,2017-05-11,青稞饼,牦牛肉,清蒸冷水鱼,爆炒牦牛肉,万州烤鱼,洋芋糍粑,麻婆豆腐,土火锅,巴勒,铁板牦牛肉
四川,甘孜州,2017-05-11,藏家香猪肉,牦牛肉,椒麻鸡,牛杂汤,烤鱼,腊排骨,豆花儿,炒竹笋,大刀回锅肉,松茸鸡汤
四川,凉山,2017-05-11,五花肉,树皮炒蛋,酸菜木瓜鱼,饵块鸡,秘制牛肉,牛肉,摩梭粑粑,烤湖鱼,糖拌番茄,烤乳猪
贵州,,2017-05-11,酸汤鱼,丝娃娃,鹅肝,椒香牛肉粒,酸汤牛肉,牛排,红酸汤丝娃娃,葱香豆腐,豆腐圆子,飞鱼仔蒸蛋
贵州,贵阳,2017-05-11,丝娃娃,红酸汤丝娃娃,豆腐圆子,玫瑰红糖冰粉,绿豆汤,辣子鸡,糕粑稀饭,潮汕火锅,过桥米线,酸汤饭
贵州,六盘水,2017-05-11,川味火锅,小酥肉,常回头,杨梅汤
贵州,遵义,2017-05-11,鹅肝,椒香牛肉粒,牛排,葱香豆腐,飞鱼仔蒸蛋,铜锣烧,小抄牛肉,肥牛炒乌东面,生菜包牛肉,菠萝骨
贵州,安顺,2017-05-11,酸汤鱼,龙须菜炒腊肉,黄闷带皮牛肉,剔骨鸭,带皮牛肉,酸辣土豆丝,酸菜汤圆,狗地芽鸡蛋,农家小炒肉,野生竹叶菜
贵州,铜仁,2017-05-11,酸汤鱼,土鸡麦片汤,遵义羊肉粉,山蕨粑腊肉,洞庭鱼头
贵州,黔西南,2017-05-11,肉枣汤,陈坛辣椒肉炒肉,拉丝饼,家法活鱼,芙蓉包子,秘制卤猪脚,铁铲竹鸡,擂辣椒猪脚,小酥肉,五花肉
贵州,毕节,2017-05-11,老猪脚火锅,炸糍粑,天麻鸡火锅,炸鸡
贵州,黔东南,2017-05-11,酸汤鱼,酸汤牛肉,农家豆腐,爆炒黄牛肉,干锅带皮牛肉,春芽炒鸡蛋,野菜,苗家酸汤鱼,辣子雞,鲜笋腊肉
贵州,黔南,2017-05-11,烤香猪,烤江团,野菜炒土腊肉,豆花烤鱼,烤排骨,牛肉粉,肉沫炒干笋,烤鸡翅,花生,红烧鳝鱼
云南,,2017-05-11,水性杨花,烤鸡,纳西烤鱼,黑山羊火锅,腊排骨火锅,诺邓粑粑,黑山羊,腊排骨,相思菜,秘制雪山鱼
云南,昆明,2017-05-11,汽锅鸡,凉米线,话梅烧小排,椰子饭,重庆豆花烤鱼,牛肝菌,烤肉,火焰土豆泥,滇味鸡丝凉米线,竹荪菌
云南,曲靖,2017-05-11,酱油鸡,黄焖猪脚,雪花鱼,炒猪血,贵州火腿,羊肉卷饼,黄焖排骨,牛肉粒,酱爆茄子,炒香肠
云南,玉溪,2017-05-11,铜锅洋芋饭,铜锅饭,铜锅青鱼,深海三文鱼刺身,糯米糍,爆腌牛肉,冰稀饭,鳗鱼寿司,地狱拉面,铜锅野生鱼
云南,保山,2017-05-11,锅贴饺子,柠檬鱼,土锅子,松茸土鸡,绿豆莲藕汤,酸萝卜老鸭汤,黄焖鸡,松茸炒肉,排骨藕汤,五花肉
云南,昭通,2017-05-11,酸辣血旺,野山椒烤豆花,凉拌鱼,凉面,铁板烧,酸菜腊猪脚,烤脑花,昭通菜,回锅鱼,台湾卤肉饭
云南,楚雄州,2017-05-11,手撕鸡,凉鸡,酸辣藕片,彝家小炒肉,大理酸辣鱼,干巴扁藕条,酸辣鱼,贵族烤鱼,羊汤,彝家炖土鸡
云南,红河,2017-05-11,菊花过桥米线,红酒烤肉,汽锅鸡,卷粉,弥勒凉卤鸡,越南小卷粉,干炸排骨,凉卷粉,菜籽粑粑,炝锅米豆腐
云南,文山州,2017-05-11,药膳土鸡,牛肉火锅,沸腾鱼,茶树菇,酸汤牛肉,烤羊排,祭龙粑粑,三拼饼,磨菇包,麻辣炒鸡
云南,普洱,2017-05-11,湘军鱼头王,干锅泡椒牛蛙,菠萝海鲜炒饭,黄瓜汁
云南,西双版纳,2017-05-11,烤鸡,香茅草烤鱼,烤五花肉,臭菜炒蛋,杂菜汤,烤鱼,菠萝汁,柠檬烤鱼,帕露达,傣家蒸鱼
云南,大理,2017-05-11,鸡粒茄子煲,酸辣鱼,黄焖鸡,跑山鸡汤锅,香草柠檬鸡,椒麻鸡,雪花鱼,卤肉,柴火煨蛋,老奶洋芋
云南,德宏,2017-05-11,泡鲁达,菠萝海鲜炒饭,橄榄焖鸡,柠檬撒,柠檬鱼,肉眼牛排,香草排骨,鲜虾春卷,香草牛小排,手抓饭
云南,丽江,2017-05-11,水性杨花,纳西烤鱼,黑山羊火锅,腊排骨火锅,诺邓粑粑,黑山羊,腊排骨,相思菜,秘制雪山鱼,丽江粑粑
云南,怒江,2017-05-11,怒苏鸡肉拌饭,怒苏火烧鸡,手抓饭,柠檬鱼,大烧,烤鱼
云南,迪庆,2017-05-11,酥油茶,青稞饼,牦牛肉火锅,牦牛肉,羊肉火锅,口水鱼,藏炒空心菜,手抓牛排,藏式豆腐,烤松茸
云南,临沧,2017-05-11,辣年糕
西藏,,2017-05-11,安多盖饼牦牛肉,酸萝卜炒牛肉,石锅鸡,烤羊排,芝麻菠菜,土豆羊排,手抓牦牛肉,松茸石锅鸡,藏式火锅,蒸牛舌
西藏,拉萨,2017-05-11,安多盖饼牦牛肉,酸萝卜炒牛肉,芝麻菠菜,土豆羊排,烤羊排,手抓牦牛肉,藏式火锅,蒸牛舌,芝麻烤羊排,石锅土鸡
西藏,昌都,2017-05-11,毛血旺,獐子菌,荞麦饼,石锅鸡,黄牛肝菌,水煮肉片,竹荪菌,甜皮鸭,火爆肥肠,干煸肥肠
西藏,山南,2017-05-11,肉夹馍,饺子
西藏,日喀则,2017-05-11,吾耳朵天堂,肉夹馍,羊肉串,麻辣鱼,毛式红烧肉,麻辣牛肉,剁椒鱼,野菜摊鸡蛋,羊腰,凉皮
西藏,那曲,2017-05-11,小炒黄牛肉,盐排骨,火锅鱼,培根,牛肉,五花肉,耙牛肉汤锅
西藏,阿里,2017-05-10
西藏,林芝,2017-05-11,石锅鸡,松茸石锅鸡,酥油茶,腊排,翘脚牛肉,酸萝卜炒牛肉,烤羊排,烤牦牛肉,烤五花肉,孜然羊排
陕西,,2017-05-11,葫芦鸡,吾桑格,三文鱼刺身,日式冷豆腐,麻辣牛肉,厚切猪五花,现炸酥肉,超厚猪五花,刺身拼盘,秘制梅花肉
陕西,西安,2017-05-11,葫芦鸡,吾桑格,三文鱼刺身,日式冷豆腐,厚切猪五花,现炸酥肉,麻辣牛肉,超厚猪五花,刺身拼盘,秘制梅花肉
陕西,铜川,2017-05-11,小酥肉气锅,关中待客菜,农家油饼,窝窝面,花卷鸡,凉拌菜,太卷,朝鲜面
陕西,宝鸡,2017-05-11,烤鸡,飘香鸡,蝴蝶鱼,法式烤羊排,呱呱,滋补麻辣锅,蔬菜菌菇拼盘,榴莲酥,一口香,小油条
陕西,咸阳,2017-05-11,沙湾大盘鸡,薄饼孜然牛肉,榴莲打卤馕,秘制牛肉,烤羊腿,麻辣牛肉,鲜虾丸子,库鲁特焗金瓜,饭团,刀郎羊蝎子
陕西,渭南,2017-05-11,羊肉泡馍,关中道,菌菇饺子,私房丸子,商洛老豆腐,阿瓦馋嘴百叶,手撕羊肉,凉皮,苗岭菜豆筋,蒜泥华山野菜
陕西,延安,2017-05-11,现炖羊肉,蒸饺,炖羊肉,洋芋擦擦,吊炉烧饼,麦旋风,石锅片片鱼,麦辣鸡腿堡,孜然排骨,羊蹄
陕西,汉中,2017-05-11,黄辣丁,菜豆腐,江团,鱼火锅,白豆皮,虾饺皇,豆芽,手工香菇丸,五花肉,麻辣乌鸡爪
陕西,榆林,2017-05-11,功夫土豆片,金缕虾,玉米饼,飘香鸡,九香排骨,驴板肠,清涧煎饼,潮鸭披萨,羊肉面,牛肉
陕西,安康,2017-05-11,花卷,野蒜苗土豆片,汉阴白火石汆汤,紫阳蒸盆,清蒸鸭嘴鱼,西冷牛排,土豆粑粑炒腊肉,鸭嘴鱼,渣辣子炒苕皮,卤猪蹄
陕西,商洛,2017-05-11,纯虾锅,墨鱼锅,莲藕,咖喱鸡饭,麻辣石锅鱼
甘肃,,2017-05-11,驴肉黄面,手抓羊肉,杏皮水,顶级菲力牛扒,牛肉面,风味烤羊排,烤羊排,麻辣牛肉,馕坑肉,杏皮茶
甘肃,兰州,2017-05-11,顶级菲力牛扒,牛肉面,小酥肉,小龙虾,麻辣牛肉,红柳烤肉,定西宽粉,木瓜雪蛤,灰豆子,披萨
甘肃,嘉峪关,2017-05-11,馕坑肉,羊排抓饭,烤豆腐,手抓羊肉,烤鸡翅,烤土豆片,烤鱼,烤肉,糊辣土豆片,烤羊排
甘肃,金昌,2017-05-11,跳水牛肝,川味火锅,麻辣牛肉,石磨豆花,现炸酥肉,巴掌肉,上脑肥牛,韭菜盒子,菊花鸭胗
甘肃,白银,2017-05-11,功夫土豆片,土豆饼
甘肃,天水,2017-05-11,猪油盒,荷包蛋,手抓羊肉,烤羊腿,红糖滋粑,牛肉面,羊蝎子,极品鲜鹅肠,海带芽,红烧蹄筋
甘肃,武威,2017-05-11,火龙烧茄子,小炒黄牛肉,黄面烤羊肉,石锅老豆腐,酸辣牛头皮,烤全羊,韩式年糕鸡翅
甘肃,张掖,2017-05-11,风味烤羊排,手抓羊肉,黄焖羊羔肉,蜀香四宝,大盘鸡,清炖羔羊汤,香辣鸡翅虾,手切牛肉,韭菜盒子,鸡肉焖花卷
甘肃,平凉,2017-05-11,烤茄子
甘肃,酒泉,2017-05-11,驴肉黄面,杏皮水,手抓羊肉,烤羊排,杏皮茶,孜然羊排,炒榆钱,羊杂汤,烤包子,大漠风沙鸡
甘肃,庆阳,2017-05-11,麻婆豆腐,霸王牛肉,麻辣焖梭边鱼
甘肃,定西,2017-05-11,川味火锅,红糖锅盔,黄焖羊羔肉,巴掌肉,状元鲜猪脑花,韭菜盒子,牛肉面,南瓜饼,鸭胗,羊肉串
甘肃,陇南,2017-05-11,爆炒肚块,酸辣牛头肉,羊肉面,干锅土豆片,大闸蟹,鱼翁泡菜,江团,炒肉片,太安鱼,鱼鳔
甘肃,临夏州,2017-05-11,手抓羊肉,清炖羊肋条,羊肉面,爆炒羊肉,红烧黄河鲤鱼,烤羊排,葱香桂鱼
甘肃,甘南,2017-05-11,油麦菜,手抓羊肉,藏包,铁板羊肉,格尔坤,藏饭,炒菜,干锅土豆,水煮牛肉,葱爆羊肉
青海,,2017-05-11,羊肉串,香烤土豆片,炕锅羊排,土火锅,烤饼,手抓羊肉,炕锅羊肉,退骨牦牛肉,炸土豆,炕羊排
青海,西宁,2017-05-11,香烤土豆片,退骨牦牛肉,炸土豆,麻辣小龙虾,烤饼,羊肉串,干拌面,上脑肥牛,青稞饼,红糖锅盔
青海,海东,2017-05-11,羊肉面
青海,海北,2017-05-11,土火锅,羊肉串,手抓羊肉,牦牛壮骨汤,烤羊排,面片,牙签羊肉,炕锅羊排,糌粑,羊肉手抓
青海,黄南,2017-05-11,酸萝卜炒肉
青海,果洛,2017-05-11,红烧草鱼,肥肠鱼
青海,玉树,2017-05-10
青海,海西,2017-05-11,炕锅羊排,羊肉串,炕羊排,麦仁粥,烤饼,拍黄瓜,烤羊排,炕土豆,羊杂汤,羊蹄
青海,海南州,2017-05-11,炕锅羊肉,手抓羊肉,青海三烧,大盘鸡,清炒油麦菜,炕锅肉,手撕包菜,酸辣白菜,油炸土豆,土豆丝
宁夏,,2017-05-11,手抓羊肉,沙葱,三文鱼刺身,狮子头,剁椒鱼头,烤羊排,麻辣小龙虾,牛排煲,清蒸多宝鱼,九香牛肉
宁夏,银川,2017-05-11,沙葱,手抓羊肉,三文鱼刺身,狮子头,烤羊排,麻辣小龙虾,牛排煲,清蒸多宝鱼,九香牛肉,烤鸭
宁夏,石嘴山,2017-05-11,剁椒鱼头,手抓羊肉,西冷牛排,干煸豆角,韩式浓情风味鸡,凉拌沙葱,榴莲比萨,沙葱炒鸡蛋,凤尾虾,鸡腿排
宁夏,吴忠,2017-05-11,手抓羊肉,锅巴士公鸡,饸饹面,羊肉萝卜水饺,羊杂汤,烤肉,羊棒骨,牛肉,皮皮虾
宁夏,固原,2017-05-11,生氽面,大盘鸡,手撕羊肉,雀舌面,手抓羊肉
宁夏,中卫,2017-05-11,手抓羊肉,小炒,胡麻油烤羊排,辣爆羊羔肉,凉拌沙葱,回香九宝,苦苦菜,臊子面,红烧黄河大鲤鱼,蒜蓉羊脖
新疆,,2017-05-11,麻辣牛肉,羊肉串,烤包子,烤羊排,小酥肉,三杯鸡,醉美凉皮,烤牛肉,椒麻鸡,手抓饭
新疆,乌鲁木齐,2017-05-11,麻辣牛肉,烤包子,烤羊排,小酥肉,三杯鸡,羊肉串,醉美凉皮,烤牛肉,奶油蘑菇浓汤,蔬菜沙拉
新疆,克拉玛依,2017-05-11,大盘鸡,风干牛肉,过油肉拌面,红豆冰山,三杯深海鱼,土坑烧烤,分子蛋配辣子鸡,干炒牛河
新疆,吐鲁番,2017-05-11,羊肉串,拌面,手抓肉,抓饭,手抓饭,卡瓦斯,干煸炒面,馕坑肉,烤茄子,红烧羊肉
新疆,哈密,2017-05-11,品味鱼,羊肉焖饼,宽粉炒鸡,羊排抓饭
新疆,昌吉州,2017-05-11,馕坑肉,火烧,炒虾尾,九碗三行子
新疆,博尔塔拉,2017-05-11,椒麻鸡爪,椒麻鸡,椒麻鸡火锅,家常菜
新疆,巴音郭楞,2017-05-11,烤羊排,小旮子羊蹄,胡辣羊蹄,烤鸭,抓饭,羊肉串,寿司,辣子鸡,大盘鸡
新疆,阿克苏,2017-05-11,烤羊排
新疆,克孜勒苏,2017-05-10
新疆,喀什,2017-05-11,麻辣牛肉,嫩滑牛肉,鱼滑,千页豆腐,烤羊排,烤包子,红烧排骨面,凉粉,撒马尔罕抓饭
新疆,和田,2017-05-11,烤全羊,烤包子
新疆,伊犁,2017-05-11,羊肉串,手抓饭,烤包子,土耳其烤鱼,凉粉,手抓羊,拌面,馕包肉,牛肉,薄皮包子
新疆,塔城,2017-05-11,大盘鸡,大盘土鸡,风干肉抓饭,炒年糕,炒米粉
新疆,阿勒泰,2017-05-11,清蒸狗鱼,清炖羊肉,烤串,椒麻鸡,爆炒狗鱼,烤肉,羊肉串,羊排土鸡火锅,烤狗鱼,干炸五道黑
新疆,石河子,2017-05-11,烤鸭,冒菜,梅菜扣肉,松仁玉米,烤包子,鸡排饭,凉皮,包子
新疆,北屯,2017-05-10
新疆,阿拉尔,2017-05-10
新疆,图木舒克,2017-05-10
新疆,五家渠,2017-05-11,芦花鸡
香港,,2017-05-11,溏心蛋,虾饺皇,叉烧,半熟盐煮蛋,刺身拼盘,三文鱼刺身,杞子桂花糕,美味鲍汁凤爪,猪仔包,蜜汁叉烧
香港,香港,2017-05-11,溏心蛋,虾饺皇,叉烧,半熟盐煮蛋,刺身拼盘,三文鱼刺身,杞子桂花糕,美味鲍汁凤爪,猪仔包,蜜汁叉烧
澳门,,2017-05-11,竹升面,水蟹粥,椒鹽白飯魚,竹升虾子捞面,虾饺皇,酥皮焗叉燒包,木糠布甸,刺身拼盘,竹笙鱼丸汤,豚王拉面
澳门,澳门,2017-05-11,竹升面,水蟹粥,椒鹽白飯魚,竹升虾子捞面,虾饺皇,酥皮焗叉燒包,木糠布甸,刺身拼盘,竹笙鱼丸汤,豚王拉面
台湾,,2017-05-11,卤肉饭,金沙豆腐,卤蛋,肉圆,葱爆牛肉,安格斯牛肉,川味火锅,虾仁炒饭,炒山苏,三杯鸡
台湾,台北,2017-05-11,卤肉饭,安格斯牛肉,卤蛋,川味火锅,虾仁炒饭,排骨饭,烫青菜,炸豆腐,粉蒸肥肠,面线
台湾,花莲,2017-05-11,炒山苏,鲜虾扁食汤,烤鱼,红油抄手,黑椒牛肉,姜母鸭,葱爆牛肉,铁路怀旧卤排骨,香茅檸檬汁,小笼汤包
台湾,高雄,2017-05-11,正忠排骨飯,牛肉汤面,虾子,麻辣香锅,排骨便当,牛肚,香烤猪大排,烧鸡腿饭,皮蛋豆腐,肉燥饭
台湾,台南,2017-05-11,牛肉汤,虱目鱼粥,碗粿,炸虾卷,小卷米粉,担仔面,炒鳝鱼,割包,干贝猪肚汤,冬瓜柠檬
台湾,桃园,2017-05-11,月亮虾饼,甜不辣,臭豆腐,椒麻鸡,皮蛋瘦肉粥,凤梨酥,黑豆干,蹄膀饭,卤肉饭,泰式烤肉
台湾,新北,2017-05-11,牛肉面,豆酥鳕鱼,甜不辣,鱼丸汤,豆乾包,椰汁红豆麻糬,冰芋圆,红豆芋圆,米血糕,排骨饭
台湾,台中,2017-05-11,土凤梨酥,猪脚面线,猪脚,黄金右腿,东坡肉,芋头,豬腳中段,肉圆,蛋饼,肥鹅
台湾,南投,2017-05-11,肉圆,瓮仔鸡,豆腐汤,炒米粉,红烧豆腐,药膳虾,邵族养生猪脚,云南椒麻鸡,芦竹笋,当归蛋
